0, 0.0, 0, None
1, 1.0, 1.0, 1.0
2, 0.918295834054, 1.58496250072, 0.584962500721
3, 0.811278124459, 2.0, 0.415037499279
4, 0.721928094887, 2.32192809489, 0.321928094887
5, 0.918295834054, 1.58496250072, 0.584962500721
6, 0.985228136034, 1.22239242134, 0.807354922058
7, 1.0, 1.0, 1.0
8, 0.991076059838, 0.847996906555, 1.16992500144
9, 0.970950594455, 0.736965594166, 1.32192809489
10, 0.945660304601, 0.65207669658, 1.45943161864
11, 0.918295834054, 0.584962500721, 1.58496250072
12, 0.890491640219, 0.530514716699, 1.70043971814
13, 0.863120568567, 0.48542682717, 1.80735492206
14, 0.836640741941, 0.447458976971, 1.90689059561
15, 0.811278124459, 0.415037499279, 2.0
16, 0.787126586201, 0.387023123109, 2.08746284125
17, 0.764204506509, 0.362570079385, 2.16992500144
18, 0.742487569542, 0.341036917835, 2.24792751344
19, 0.811278124459, 0.415037499279, 2.0
20, 0.863120568567, 0.48542682717, 1.80735492206
21, 0.845350936622, 0.459431618637, 1.87446911792
22, 0.886540892822, 0.523561956057, 1.716207034
23, 0.918295834054, 0.584962500721, 1.58496250072
24, 0.904381457724, 0.556393348524, 1.64385618977
25, 0.890491640219, 0.530514716699, 1.70043971814
26, 0.876716288999, 0.50695998872, 1.75488750216
27, 0.863120568567, 0.48542682717, 1.80735492206
28, 0.849751137253, 0.465663572349, 1.85798099513
29, 0.836640741941, 0.447458976971, 1.90689059561
30, 0.823811633312, 0.43063435433, 1.95419631039
31, 0.811278124459, 0.415037499279, 2.0
32, 0.799048521044, 0.400537929584, 2.04439411936
33, 0.787126586201, 0.387023123109, 2.08746284125
34, 0.775512658133, 0.374395514781, 2.12928301694
35, 0.764204506509, 0.362570079385, 2.16992500144
36, 0.75319799107, 0.351472370501, 2.20945336563
37, 0.789749253663, 0.389946518316, 2.078002512
38, 0.821280941745, 0.427421223735, 1.96347412397
39, 0.811278124459, 0.415037499279, 2.0
40, 0.801469893134, 0.403355694231, 2.03562390973
41, 0.829607103088, 0.438121112392, 1.93288580414
42, 0.854180205152, 0.472068444315, 1.84130225398
43, 0.845350936622, 0.459431618637, 1.87446911792
44, 0.836640741941, 0.447458976971, 1.90689059561
45, 0.82805572538, 0.436099114807, 1.93859945534
46, 0.850770704053, 0.467126010427, 1.85414913354
47, 0.870864469235, 0.497499659471, 1.77760757866
48, 0.863120568567, 0.48542682717, 1.80735492206
49, 0.85545081056, 0.473931188332, 1.83650126772
50, 0.847861745166, 0.462971976343, 1.86507041991
51, 0.840358671609, 0.452512204698, 1.89308479608
52, 0.85953169145, 0.47999294112, 1.82102985895
53, 0.876716288999, 0.50695998872, 1.75488750216
54, 0.869892685604, 0.495957494662, 1.78135971352
55, 0.885612871399, 0.521952703195, 1.71989208081
56, 0.879135766853, 0.510961919277, 1.74542717291
57, 0.87269650391, 0.500428990509, 1.77051815388
58, 0.866300675498, 0.490325626583, 1.79518020811
59, 0.859953049718, 0.480625840906, 1.81942775436
60, 0.853657673279, 0.471305718926, 1.84327449631
61, 0.847417961418, 0.462343214057, 1.86673346914
62, 0.8412367762, 0.453717967443, 1.88981708225
63, 0.835116494842, 0.445411148322, 1.91253715875
64, 0.8290590694, 0.437405312307, 1.93490497178
65, 0.823066079011, 0.429684275243, 1.95693127811
66, 0.817138775682, 0.422233000683, 1.97862634921
67, 0.811278124459, 0.415037499279, 2.0
68, 0.805484838741, 0.408084738637, 2.02106161553
69, 0.799759411329, 0.401362562382, 2.04182017569
70, 0.794102141785, 0.394859617341, 2.06228427825
71, 0.788513160538, 0.388565287918, 2.08246216019
72, 0.805804911348, 0.408464845355, 2.01989955744
73, 0.821812730503, 0.428093652104, 1.96152585219
74, 0.816518711954, 0.421463768438, 1.98089117705
75, 0.811278124459, 0.415037499279, 2.0
76, 0.806091469619, 0.408805545567, 2.01885902725
77, 0.800959107737, 0.4027591695, 2.03747470542
78, 0.795881273596, 0.396890152569, 2.05585323473
79, 0.790858090553, 0.391190757324, 2.07400058144
80, 0.785889583139, 0.385653692498, 2.09192248944
81, 0.780975688326, 0.380272081118, 2.10962449117
82, 0.776116265619, 0.375039431347, 2.1271119179
83, 0.771311106085, 0.36994960975, 2.14438990934
84, 0.766559940454, 0.364996816779, 2.16146342269
85, 0.761862446375, 0.360175564244, 2.17833724126
86, 0.757218254924, 0.355480654598, 2.19501598241
87, 0.752626956443, 0.350907161859, 2.21150410519
88, 0.74808810578, 0.346450414021, 2.22780591752
89, 0.743601226993, 0.342105976825, 2.24392558289
90, 0.739165817569, 0.337869638756, 2.25986712676
91, 0.734781352213, 0.333737397177, 2.27563444261
92, 0.751032416528, 0.349334252228, 2.21723071622
93, 0.766335035969, 0.364764292798, 2.1622714289
94, 0.762084924806, 0.360402242702, 2.17753818555
95, 0.776555785444, 0.375509135092, 2.12553088208
96, 0.790206924189, 0.390459476558, 2.07635088613
97, 0.786104468845, 0.385891153619, 2.09114788806
98, 0.799048521044, 0.400537929584, 2.04439411936
99, 0.811278124459, 0.415037499279, 2.0
100, 0.807331326652, 0.410283969308, 2.01435529298
101, 0.803415848071, 0.405638801277, 2.0285691522
102, 0.799531810527, 0.401098308321, 2.04264433741
103, 0.795679296503, 0.396658969964, 2.05658352837
104, 0.791858352567, 0.392317422779, 2.07038932789
105, 0.788068992506, 0.388070451679, 2.08406426479
106, 0.784311200204, 0.383914981783, 2.09761079663
107, 0.780584932292, 0.379848070817, 2.11103131239
108, 0.776890120577, 0.375866901998, 2.124328135
109, 0.788940657297, 0.389042290746, 2.08091999538
110, 0.800392208045, 0.402098443571, 2.03952836419
111, 0.796817492324, 0.39796398592, 2.05246741989
112, 0.793269834426, 0.393914207713, 2.06529146025
113, 0.789749253663, 0.389946518316, 2.078002512
114, 0.78625574661, 0.386058432307, 2.09060254878
115, 0.782789288969, 0.382247564161, 2.10309349296
116, 0.779349837292, 0.378511623254, 2.11547721742
117, 0.775937330578, 0.374848409163, 2.1277555472
118, 0.787126586201, 0.387023123109, 2.08746284125
119, 0.797800919635, 0.39909595541, 2.04890960048
120, 0.794490106564, 0.395301281218, 2.06088224215
121, 0.791202761401, 0.391578526455, 2.07275634244
122, 0.787938888133, 0.387925653662, 2.08453351021
123, 0.784698474499, 0.384340702056, 2.09621531526
124, 0.781481493239, 0.380821783941, 2.10780328953
125, 0.778287903255, 0.377367081313, 2.11929892837
126, 0.775117650694, 0.373974842657, 2.13070369164
127, 0.771970669949, 0.37064337992, 2.14201900487
128, 0.782444129407, 0.381870635344, 2.10433665981
129, 0.792472497568, 0.393011192949, 2.06817150264
130, 0.789409989328, 0.389566811763, 2.07922669115
131, 0.786368017995, 0.386182636607, 2.09019780897
132, 0.783346567057, 0.38285709353, 2.10108612511
133, 0.780345608951, 0.379588663275, 2.11189288007
134, 0.777365105876, 0.37637587891, 2.12261928666
135, 0.774405010538, 0.373217323584, 2.13326653086
136, 0.771465266861, 0.370111628397, 2.14383577257
137, 0.768545810641, 0.367057470377, 2.15432814639
138, 0.765646570165, 0.36405357056, 2.16474476234
139, 0.762767466783, 0.361098692168, 2.17508670656
140, 0.772657087146, 0.371367027622, 2.1395513524
141, 0.782161926973, 0.381562794728, 2.10535300015
142, 0.779349837292, 0.378511623254, 2.11547721742
143, 0.776555785444, 0.375509135092, 2.12553088208
144, 0.773779729951, 0.372554167957, 2.13551497066
145, 0.771021622635, 0.369645596465, 2.14543043952
146, 0.768281409098, 0.366782330672, 2.15527822548
147, 0.76555902916, 0.363963314685, 2.16505924627
148, 0.762854417283, 0.361187525335, 2.1747744011
149, 0.760167502962, 0.358453970912, 2.18442457114
150, 0.75749821109, 0.355761689963, 2.19401061997
151, 0.754846462309, 0.353109750136, 2.20353339409
152, 0.764204506509, 0.362570079385, 2.16992500144
153, 0.761587786958, 0.359895945086, 2.17932369944
154, 0.758987706482, 0.357261168, 2.18866156402
155, 0.768047364354, 0.366538981588, 2.15611920192
156, 0.765481508282, 0.363883411329, 2.16533773195
157, 0.774241158085, 0.373043410614, 2.13385574673
158, 0.771709469695, 0.370368449945, 2.14295795384
159, 0.769192829013, 0.3677317845, 2.15200309345
160, 0.777686337641, 0.376720567728, 2.12146351249
161, 0.775203026891, 0.374065718223, 2.13039663726
162, 0.772734013806, 0.371448230731, 2.1392747886
163, 0.77027926225, 0.368867317846, 2.14809863899
164, 0.778539179513, 0.377637527474, 2.1183947008
165, 0.776116265619, 0.375039431347, 2.1271119179
166, 0.784119343159, 0.383704292474, 2.09830207361
167, 0.781728122271, 0.381090167356, 2.10691520392
168, 0.779349837292, 0.378511623254, 2.11547721742
169, 0.787126586201, 0.387023123109, 2.08746284125
170, 0.784779199115, 0.384429513348, 2.09592442
171, 0.792322630337, 0.392841753165, 2.06871275008
172, 0.790005938939, 0.390234108278, 2.07707622302
173, 0.787700989464, 0.387661060348, 2.08539149123
174, 0.785407776343, 0.385121921375, 2.09365910721
175, 0.783126290278, 0.382616021586, 2.10187961402
176, 0.780856518448, 0.380142708833, 2.11005354546
177, 0.778598444703, 0.377701348006, 2.11818142635
178, 0.776352049752, 0.375291320486, 2.12626377265
179, 0.774117311341, 0.372912023606, 2.13430109171
180, 0.771894204422, 0.370562870138, 2.14229388247
181, 0.769682701311, 0.3682432878, 2.15024263558
182, 0.767482771841, 0.365952718779, 2.15814783367
183, 0.76529438351, 0.363690619279, 2.16600995144
184, 0.763117501613, 0.361456459074, 2.1738294559
185, 0.760952089379, 0.359249721093, 2.18160680649
186, 0.758798108092, 0.357069901008, 2.18934245527
187, 0.766335035969, 0.364764292798, 2.1622714289
188, 0.773651048302, 0.372417865341, 2.13597766952
189, 0.771533402314, 0.370183263495, 2.14359085363
190, 0.769426301516, 0.367975462407, 2.15116407333
191, 0.767329719466, 0.365793980259, 2.15869774602
192, 0.765243627804, 0.363638346772, 2.16619228257
193, 0.763167996361, 0.361508102862, 2.17364808749
194, 0.761102793259, 0.359402800306, 2.18106555905
195, 0.759047985012, 0.357322001423, 2.18844508941
196, 0.757003536618, 0.355265278761, 2.19578706475
197, 0.754969411647, 0.353232214805, 2.20309186538
198, 0.752945572329, 0.351222401681, 2.21035986584
199, 0.750931979634, 0.349235440883, 2.21759143507
200, 0.748928593347, 0.347270943002, 2.22478693648
201, 0.746935372146, 0.345328527467, 2.23194672805
202, 0.744952273667, 0.343407822298, 2.23907116248
203, 0.742979254576, 0.341508463857, 2.24616058727
204, 0.74101627063, 0.339630096621, 2.2532153448
205, 0.739063276737, 0.337772372952, 2.26023577248
206, 0.737120227018, 0.335934952881, 2.2672222028
207, 0.735187074859, 0.334117503895, 2.27417496344
208, 0.733263772962, 0.332319700734, 2.28109437738
209, 0.731350273403, 0.330541225192, 2.28798076296
210, 0.729446527669, 0.328781765928, 2.29483443401
211, 0.727552486715, 0.327041018281, 2.30165569986
212, 0.725668100998, 0.325318684088, 2.30844486552
213, 0.723793320524, 0.323614471515, 2.3152022317
214, 0.721928094887, 0.321928094887, 2.32192809489
215, 0.729273941845, 0.328622747461, 2.29545588353
216, 0.73643175252, 0.335286477742, 2.26969813611
217, 0.734587660942, 0.33355609714, 2.27633122845
218, 0.732752549955, 0.331843563752, 2.28293396327
219, 0.730926377591, 0.330148601692, 2.28950661719
220, 0.729109101405, 0.328470940754, 2.29604946306
221, 0.727300678514, 0.326810316267, 2.30256277002
222, 0.725501065629, 0.325166468954, 2.30904680359
223, 0.723710219088, 0.323539144793, 2.31550182573
224, 0.7307284174, 0.329965413953, 2.29021923516
225, 0.737574094454, 0.336363185151, 2.26559011074
226, 0.735802965845, 0.334695390961, 2.27195963561
227, 0.734040094906, 0.333044127082, 2.27830116249
228, 0.740730837893, 0.339357901014, 2.25424128738
229, 0.74726010345, 0.345644163861, 2.23078020683
230, 0.745517842811, 0.343954401217, 2.2370391973
231, 0.743783353888, 0.342281156844, 2.24327115101
232, 0.742056606988, 0.340624188597, 2.24947630054
233, 0.740337571903, 0.338983259067, 2.25565487547
234, 0.738626217936, 0.337358135457, 2.26180710245
235, 0.736922513935, 0.335748589474, 2.26793320525
236, 0.73522642832, 0.334154397221, 2.27403340478
237, 0.733537929109, 0.332575339087, 2.28010791919
238, 0.731856983945, 0.33101119965, 2.28615696387
239, 0.730183560123, 0.329461767573, 2.29218075149
240, 0.728517624611, 0.327926835509, 2.29817949211
241, 0.726859144075, 0.326406200007, 2.30415339316
242, 0.725208084898, 0.324899661419, 2.31010265949
243, 0.723564413207, 0.323407023813, 2.31602749345
244, 0.721928094887, 0.321928094887, 2.32192809489
245, 0.720299095605, 0.320462685883, 2.32780466122
246, 0.726759871578, 0.326315412128, 2.30451104181
247, 0.733075742349, 0.33214449093, 2.28177096842
248, 0.731462561721, 0.330645311988, 2.2875765901
249, 0.729856316947, 0.329159664118, 2.29335894269
250, 0.73604090522, 0.334918933407, 2.27110383581
251, 0.742089115643, 0.340655302956, 2.24935946894
252, 0.740499416407, 0.33913738492, 2.25507312013
253, 0.738916285123, 0.337632995593, 2.26076423221
254, 0.737339697221, 0.336141954107, 2.2664329823
255, 0.735769627811, 0.334664082815, 2.27207954544
256, 0.741705808706, 0.340288632009, 2.25073704703
257, 0.747514172352, 0.345891338238, 2.2298675419
258, 0.745960588822, 0.344382945715, 2.23544857416
259, 0.744413179788, 0.342887713523, 2.2410080995
260, 0.742871924372, 0.341405469387, 2.24654628305
261, 0.741336801361, 0.339936044038, 2.25206328801
262, 0.739807789227, 0.338479271151, 2.25755927577
263, 0.738284866143, 0.337034987278, 2.26303440583
264, 0.736768010002, 0.335603031784, 2.26848883593
265, 0.735257198429, 0.334183246794, 2.27392272198
266, 0.733752408799, 0.332775477124, 2.27933621816
267, 0.732253618249, 0.331379570232, 2.28472947693
268, 0.730760803695, 0.329995376155, 2.29010264903
269, 0.729273941845, 0.328622747461, 2.29545588353
270, 0.727793009209, 0.32726153919, 2.30078932783
271, 0.726317982117, 0.325911608806, 2.30610312773
272, 0.724848836725, 0.324572816143, 2.3113974274
273, 0.723385549032, 0.323245023359, 2.31667236944
274, 0.721928094887, 0.321928094887, 2.32192809489
275, 0.727687454566, 0.327164743254, 2.30116953472
276, 0.733331091021, 0.332382452525, 2.28085215188
277, 0.731886409296, 0.331038513332, 2.28605105856
278, 0.730447286248, 0.329705445479, 2.29123129766
279, 0.729013700911, 0.328383117025, 2.29639300278
280, 0.727585632149, 0.327071398163, 2.30153630606
281, 0.726163058671, 0.325770161182, 2.30666133823
282, 0.72474595904, 0.324479280417, 2.31176822867
283, 0.723334311679, 0.323198632214, 2.31685710534
284, 0.721928094887, 0.321928094887, 2.32192809489
285, 0.720527286843, 0.320667548681, 2.32698132261
286, 0.719131865614, 0.319416875731, 2.33201691251
287, 0.71774180917, 0.318175960026, 2.33703498728
288, 0.716357095383, 0.316944687373, 2.34203566834
289, 0.714977702043, 0.315722945361, 2.34701907585
290, 0.71360360686, 0.314510623325, 2.35198532874
291, 0.712234787475, 0.313307612315, 2.35693454472
292, 0.717813577425, 0.318239907857, 2.33677585929
293, 0.723286554513, 0.323155398271, 2.31702929547
294, 0.721928094887, 0.321928094887, 2.32192809489
295, 0.72057468353, 0.320710116731, 2.32681031627
296, 0.725950145294, 0.325575871903, 2.30742852519
297, 0.73122513932, 0.330425271564, 2.2884311829
298, 0.729882593066, 0.32918391089, 2.29326433664
299, 0.728544874833, 0.327951882515, 2.29808135293
300, 0.727211967333, 0.326729081151, 2.3028823392
301, 0.725883853157, 0.325515403095, 2.30766740176
302, 0.724560514787, 0.324310746198, 2.31243664591
303, 0.723241934603, 0.323115009838, 2.31719017588
304, 0.721928094887, 0.321928094887, 2.32192809489
305, 0.720618977833, 0.32074990369, 2.32665050513
306, 0.71931456555, 0.319580340031, 2.33135750781
307, 0.718014840069, 0.31841930911, 2.33604920313
308, 0.71671978335, 0.317266717517, 2.34072569034
309, 0.715429377286, 0.316122473206, 2.34538706771
310, 0.71414360371, 0.314986485469, 2.35003343257
311, 0.712862444398, 0.313858664911, 2.3546648813
312, 0.711585881075, 0.312738923433, 2.35928150937
313, 0.710313895423, 0.311627174197, 2.36388341133
314, 0.709046469081, 0.310523331615, 2.36847068082
315, 0.707783583651, 0.309427311318, 2.37304341061
316, 0.713006860919, 0.313985593281, 2.35414271975
317, 0.718138422015, 0.318529518425, 2.33560303178
318, 0.716883976835, 0.317412613765, 2.34013269026
319, 0.715633893877, 0.316303545693, 2.34464817139
320, 0.714388156656, 0.315202231699, 2.34914956362
321, 0.713146748638, 0.314108590428, 2.35363695461
322, 0.718197331441, 0.318582067007, 2.33539035469
323, 0.723160946225, 0.323041715198, 2.31748218986
324, 0.721928094887, 0.321928094887, 2.32192809489
325, 0.720699402846, 0.320822157661, 2.3263603412
326, 0.719474855316, 0.319723823961, 2.33077901247
327, 0.718254437451, 0.318633015326, 2.33518419159
328, 0.717038134351, 0.317549654377, 2.33957596071
329, 0.71582593106, 0.316473664795, 2.34395440122
330, 0.714617812577, 0.315404971306, 2.34831959378
331, 0.713413763855, 0.314343499659, 2.35267161832
332, 0.712213769805, 0.313289176613, 2.35701055404
333, 0.711017815305, 0.312241929917, 2.36133647945
334, 0.709825885194, 0.311201688294, 2.36564947232
335, 0.708637964285, 0.310168381425, 2.36994960975
336, 0.707454037363, 0.309141939932, 2.37423696815
337, 0.706274089188, 0.308122295362, 2.37851162325
338, 0.705098104499, 0.307109380176, 2.38277365011
339, 0.70392606802, 0.306103127726, 2.38702312311
340, 0.702757964456, 0.305103472246, 2.391260116
341, 0.701593778504, 0.304110348837, 2.39548470186
342, 0.700433494849, 0.303123693449, 2.39969695314
343, 0.69927709817, 0.302143442873, 2.40389694167
344, 0.69812457314, 0.301169534721, 2.40808473864
345, 0.696975904432, 0.300201907416, 2.41226041461
346, 0.695831076719, 0.299240500179, 2.41642403955
347, 0.694690074676, 0.298285253017, 2.42057568282
348, 0.693552882983, 0.297336106705, 2.42471541318
349, 0.692419486327, 0.29639300278, 2.4288432988
350, 0.697340972562, 0.300509111252, 2.41093310095
351, 0.702184070795, 0.304613509585, 2.39334242818
352, 0.701056446701, 0.303653036493, 2.39743518281
353, 0.699932488737, 0.302698623407, 2.40151635963
354, 0.69881218291, 0.30175021295, 2.40558602393
355, 0.697695515227, 0.300807748466, 2.40964424051
356, 0.69658247169, 0.299871174014, 2.41369107357
357, 0.695473038306, 0.298940434356, 2.41772658681
358, 0.694367201083, 0.298015474943, 2.42175084337
359, 0.693264946034, 0.297096241907, 2.42576390587
360, 0.692166259179, 0.296182682051, 2.42976583643
361, 0.691071126547, 0.295274742834, 2.43375669663
362, 0.689979534175, 0.294372372367, 2.43773654754
363, 0.688891468115, 0.293475519398, 2.44170544974
364, 0.687806914429, 0.292584133305, 2.44566346331
365, 0.686725859197, 0.291698164086, 2.44961064783
366, 0.685648288512, 0.290817562347, 2.45354706239
367, 0.684574188488, 0.289942279297, 2.4574727656
368, 0.683503545256, 0.289072266735, 2.4613878156
369, 0.682436344968, 0.288207477043, 2.46529227006
370, 0.681372573797, 0.287347863177, 2.46918618616
371, 0.680312217941, 0.286493378658, 2.47306962065
372, 0.679255263621, 0.285643977563, 2.4769426298
373, 0.678201697082, 0.284799614517, 2.48080526943
374, 0.682985210093, 0.288651940013, 2.46328394413
375, 0.687697082937, 0.292494006307, 2.4460643949
376, 0.686647657429, 0.291634172574, 2.44989625649
377, 0.685601516443, 0.290779396317, 2.45371796744
378, 0.684558647267, 0.289929632897, 2.45752958139
379, 0.683519037204, 0.2890848382, 2.46133115155
380, 0.682482673575, 0.288244968631, 2.46512273072
381, 0.681449543723, 0.287409981103, 2.46890437126
382, 0.686094288776, 0.291181734992, 2.45191756498
383, 0.690670978391, 0.294943653789, 2.43521538122
384, 0.689642010552, 0.294093886691, 2.43896751608
385, 0.688616179038, 0.293249018881, 2.44270991776
386, 0.687593472142, 0.292409007967, 2.44644263664
387, 0.686573878169, 0.291573812048, 2.45016572268
388, 0.691086312446, 0.295287314847, 2.43370134354
389, 0.695533735923, 0.29899128361, 2.41750575487
390, 0.694518473577, 0.298141842023, 2.42120023843
391, 0.693506230367, 0.29729723035, 2.42488528524
392, 0.692496995485, 0.296457407371, 2.42856094338
393, 0.691490758125, 0.295622332334, 2.43222726058
394, 0.690487507492, 0.29479196495, 2.43588428418
395, 0.689487232796, 0.293966265386, 2.4395320612
396, 0.688489923257, 0.293145194258, 2.44317063826
397, 0.687495568104, 0.292328712628, 2.44680006166
398, 0.686504156579, 0.291516781991, 2.45042037734
399, 0.685515677934, 0.290709364277, 2.45403163089
400, 0.684530121435, 0.289906421837, 2.45763386757
401, 0.68354747636, 0.289107917444, 2.4612271323
402, 0.682567732003, 0.288313814282, 2.46481146965
403, 0.681590877674, 0.287524075945, 2.46838692387
404, 0.680616902697, 0.286738666425, 2.47195353889
405, 0.679645796414, 0.285957550114, 2.47551135831
406, 0.678677548186, 0.285180691792, 2.47906042539
407, 0.677712147391, 0.284408056626, 2.48260078309
408, 0.676749583426, 0.283639610163, 2.48613247406
409, 0.675789845709, 0.282875318324, 2.48965554063
410, 0.674832923678, 0.282115147399, 2.4931700248
411, 0.673878806791, 0.281359064047, 2.4966759683
412, 0.672927484531, 0.280607035282, 2.50017341254
413, 0.671978946399, 0.279859028475, 2.50366239862
414, 0.676373133816, 0.28333959721, 2.48751416061
415, 0.680707685486, 0.286811789117, 2.47162102765
416, 0.679762178053, 0.286051058559, 2.47508488295
417, 0.678819379486, 0.285294365908, 2.47854044159
418, 0.677879279989, 0.284541678997, 2.4819877432
419, 0.676941869781, 0.283792966001, 2.48542682717
420, 0.676007139101, 0.28304819543, 2.48885773257
421, 0.680284359835, 0.28647096107, 2.47317167526
422, 0.684504561404, 0.289885625483, 2.45772731243
423, 0.683572962869, 0.289128601985, 2.46113391387
424, 0.682643971757, 0.288375535176, 2.46453249033
425, 0.681717578957, 0.287626394016, 2.46792307953
426, 0.68079377537, 0.286881147788, 2.47130571893
427, 0.679872551914, 0.286139766097, 2.47468044571
428, 0.684038435639, 0.289506617195, 2.45943161864
429, 0.688149748583, 0.292865629285, 2.44441210141
430, 0.687231741534, 0.292112440452, 2.44776331091
431, 0.686316245518, 0.291363128892, 2.45110675399
432, 0.690374828224, 0.294698841456, 2.43629511984
433, 0.689462263964, 0.293945682361, 2.43962313756
434, 0.693468797718, 0.297266040653, 2.42502158785
435, 0.692559207018, 0.296509110385, 2.42833432189
436, 0.6965147201, 0.299814255109, 2.41393746488
437, 0.700419539256, 0.303111845209, 2.39974762825
438, 0.704274476637, 0.306401915143, 2.38575970676
439, 0.708080325614, 0.309684499133, 2.37196877739
440, 0.707176045114, 0.308901414591, 2.37524390942
441, 0.710934526974, 0.312169128425, 2.36163780469
442, 0.714645539655, 0.315429457589, 2.34821939271
443, 0.7137455096, 0.314635602321, 2.3514723705
444, 0.712847745181, 0.31384574859, 2.35471803001
445, 0.711952240097, 0.313059866097, 2.35795640407
446, 0.715619713392, 0.31629098736, 2.34469940255
447, 0.719241423177, 0.319514888235, 2.33162149109
448, 0.718350276089, 0.318718538411, 2.33483820377
449, 0.717461324412, 0.31792616433, 2.33804776025
450, 0.716574562324, 0.317137736172, 2.34125019229
451, 0.715689983989, 0.316353224419, 2.34444553145
452, 0.719271165958, 0.31954150205, 2.33151414372
453, 0.722808277708, 0.322722749295, 2.31875384709
454, 0.721928094887, 0.321928094887, 2.32192809489
455, 0.725423020767, 0.325095373966, 2.30932805811
456, 0.728875259948, 0.328255714859, 2.29689154395
457, 0.732285445106, 0.331409147898, 2.28461493642
458, 0.73565419565, 0.334555703215, 2.27249473508
459, 0.738982118115, 0.337695410746, 2.26052755022
460, 0.742269806537, 0.340828300231, 2.24871009824
461, 0.745517842811, 0.343954401217, 2.2370391973
462, 0.748726797039, 0.347073743062, 2.22551176318
463, 0.74786025372, 0.34622834136, 2.22862437505
464, 0.746995623845, 0.345387067711, 2.23173028592
465, 0.746132903922, 0.344549891811, 2.23482952457
466, 0.745272090423, 0.343716783653, 2.23792211963
467, 0.744413179788, 0.342887713523, 2.2410080995
468, 0.743556168424, 0.342062651999, 2.24408749244
469, 0.746736607483, 0.345135486049, 2.23266075679
470, 0.74987942764, 0.348201789096, 2.22137176686
471, 0.749027531387, 0.347367672741, 2.22443156661
472, 0.748177478011, 0.346537562231, 2.22748489059
473, 0.747329264271, 0.345711428643, 2.23053176615
474, 0.74648288689, 0.344889243331, 2.23357222047
475, 0.745638342559, 0.344070977925, 2.23660628056
476, 0.744795627937, 0.343256604328, 2.23963397325
477, 0.743954739654, 0.342446094712, 2.24265532523
478, 0.743115674309, 0.341639421515, 2.24567036298
479, 0.742278428474, 0.340836557437, 2.24867911286
480, 0.74144299869, 0.340037475439, 2.25168160102
481, 0.740609381473, 0.339242148737, 2.25467785348
482, 0.739777573313, 0.3384505508, 2.25766789608
483, 0.738947570673, 0.33766265535, 2.26065175452
484, 0.738119369992, 0.336878436353, 2.26362945432
485, 0.737292967686, 0.336097868024, 2.26660102085
486, 0.736468360145, 0.335320924814, 2.26956647933
487, 0.735645543739, 0.334547581418, 2.27252585481
488, 0.734824514816, 0.333777812765, 2.2754791722
489, 0.734005269701, 0.333011594016, 2.27842645625
490, 0.733187804701, 0.332248900565, 2.28136773156
491, 0.732372116101, 0.331489708032, 2.28430302259
492, 0.731558200169, 0.330733992263, 2.28723235363
493, 0.730746053152, 0.329981729326, 2.29015574883
494, 0.729935671283, 0.329232895511, 2.29307323222
495, 0.729127050773, 0.328487467322, 2.29598482764
496, 0.728320187821, 0.327745421483, 2.29889055881
497, 0.727515078607, 0.327006734925, 2.30179044932
498, 0.726711719297, 0.326271384794, 2.30468452259
499, 0.729856316947, 0.329159664118, 2.29335894269
500, 0.732965888452, 0.332042172652, 2.28216626601
501, 0.732166494483, 0.331298617728, 2.28504302677
502, 0.7313688041, 0.330558400031, 2.28791406262
503, 0.730572813761, 0.329821497045, 2.29077939632
504, 0.733651340619, 0.332681151184, 2.2796998595
505, 0.736695929707, 0.335535148239, 2.26874805703
506, 0.735903950398, 0.334790245824, 2.27159641934
507, 0.73511362604, 0.334048658244, 2.27443916911
508, 0.734324953371, 0.333310363324, 2.27727632841
509, 0.733537929109, 0.332575339087, 2.28010791919
510, 0.732752549955, 0.331843563752, 2.28293396327
511, 0.731968812595, 0.331115015734, 2.28575448233
512, 0.731186713698, 0.330389673636, 2.28856949794
513, 0.730406249917, 0.329667516252, 2.29137903153
514, 0.729627417892, 0.328948522565, 2.2941831044
515, 0.728850214245, 0.328232671742, 2.29698173776
516, 0.728074635587, 0.327519943132, 2.29977495265
517, 0.727300678514, 0.326810316267, 2.30256277002
518, 0.726528339611, 0.326103770859, 2.30534521069
519, 0.725757615447, 0.325400286794, 2.30812229536
520, 0.724988502582, 0.324699844137, 2.31089404461
521, 0.724220997563, 0.324002423125, 2.3136604789
522, 0.723455096926, 0.323308004166, 2.31642161858
523, 0.722690797196, 0.322616567838, 2.31917748387
524, 0.721928094887, 0.321928094887, 2.32192809489
525, 0.721166986505, 0.321242566226, 2.32467347163
526, 0.720407468545, 0.32055996293, 2.32741363397
527, 0.719649537494, 0.319880266239, 2.33014860169
528, 0.718893189827, 0.319203457551, 2.33287839445
529, 0.718138422015, 0.318529518425, 2.33560303178
530, 0.71738523052, 0.317858430578, 2.33832253314
531, 0.716633611793, 0.317190175881, 2.34103691784
532, 0.715883562281, 0.316524736358, 2.34374620509
533, 0.715135078425, 0.315862094188, 2.34645041402
534, 0.714388156656, 0.315202231699, 2.34914956362
535, 0.713642793401, 0.314545131369, 2.35184367279
536, 0.712898985081, 0.313890775822, 2.35453276032
537, 0.712156728111, 0.31323914783, 2.35721684489
538, 0.711416018901, 0.312590230308, 2.35989594509
539, 0.710676853856, 0.311944006315, 2.36257007938
540, 0.709939229376, 0.31130045905, 2.36523926616
541, 0.709203141858, 0.310659571853, 2.36790352369
542, 0.708468587693, 0.310021328203, 2.37056287014
543, 0.707735563271, 0.309385711715, 2.37321732358
544, 0.707004064975, 0.30875270614, 2.375866902
545, 0.706274089188, 0.308122295362, 2.37851162325
546, 0.705545632288, 0.307494463401, 2.38115150513
547, 0.704818690652, 0.306869194406, 2.38378656529
548, 0.704093260655, 0.306246472655, 2.38641682134
549, 0.703369338667, 0.305626282558, 2.38904229075
550, 0.702646921059, 0.305008608651, 2.39166299091
551, 0.701926004199, 0.304393435595, 2.39427893911
552, 0.701206584454, 0.303780748177, 2.39689015257
553, 0.70048865819, 0.303170531308, 2.39949664838
554, 0.699772221773, 0.30256277002, 2.40209844357
555, 0.699057271567, 0.301957449468, 2.40469555506
556, 0.698343803935, 0.301354554925, 2.40728799967
557, 0.697631815242, 0.300754071783, 2.40987579416
558, 0.69692130185, 0.300155985552, 2.41245895518
559, 0.696212260125, 0.299560281859, 2.41503749928
560, 0.69550468643, 0.298966946444, 2.41761144294
561, 0.694798577131, 0.298375965163, 2.42018080255
562, 0.694093928593, 0.297787323983, 2.42274559441
563, 0.693390737183, 0.297201008985, 2.42530583473
564, 0.69644621516, 0.299756713889, 2.41418660274
565, 0.699471360903, 0.302307899418, 2.40319125643
566, 0.69877037295, 0.301714873998, 2.40573793854
567, 0.69807081126, 0.301124179075, 2.4082801331
568, 0.697372672396, 0.300535800891, 2.41081785591
569, 0.696675952922, 0.299949725792, 2.41335112265
570, 0.699672834342, 0.302478552103, 2.4024594332
571, 0.702640300327, 0.305002953518, 2.391687012
572, 0.701945825895, 0.304410333629, 2.39420700398
573, 0.701252740807, 0.30382002068, 2.3967226019
574, 0.700561041815, 0.303232001177, 2.39923382105
575, 0.69987072567, 0.302646261733, 2.40174067667
576, 0.699181789121, 0.302062789062, 2.40424318387
577, 0.698494228919, 0.301481569985, 2.40674135772
578, 0.697808041813, 0.300902591424, 2.40923521321
579, 0.697123224552, 0.300325840402, 2.41172476524
580, 0.696439773887, 0.299751304043, 2.41421002863
581, 0.695757686568, 0.299178969569, 2.41669101813
582, 0.695076959344, 0.298608824302, 2.41916774842
583, 0.694397588967, 0.298040855662, 2.4216402341
584, 0.693719572188, 0.297475051163, 2.42410848969
585, 0.693042905761, 0.296911398417, 2.42657252965
586, 0.69236758644, 0.296349885129, 2.42903236833
587, 0.691693610979, 0.2957904991, 2.43148802006
588, 0.691020976135, 0.295233228222, 2.43393949905
589, 0.690349678666, 0.294678060479, 2.43638681947
590, 0.693294960142, 0.297121236407, 2.42565460665
591, 0.696212260125, 0.299560281859, 2.41503749928
592, 0.699101912482, 0.301995210776, 2.40453337249
593, 0.701964245302, 0.304426037031, 2.39414015839
594, 0.701295634976, 0.303856521965, 2.39656689578
595, 0.700628314538, 0.303289141626, 2.39898955805
596, 0.699962281074, 0.30272388399, 2.40140815885
597, 0.699297531666, 0.302160737124, 2.40382271178
598, 0.698634063398, 0.301599689183, 2.40623323037
599, 0.701471459884, 0.30400618689, 2.39592867633
600, 0.704282357731, 0.306408677105, 2.38573112977
601, 0.703620966805, 0.305841714677, 2.38812962582
602, 0.702960831055, 0.305276854337, 2.39052414096
603, 0.702301947719, 0.304714084373, 2.39291468838
604, 0.70164431403, 0.304153393159, 2.39530128122
605, 0.700987927224, 0.303594769158, 2.39768393253
606, 0.700332784533, 0.303038200916, 2.40006265531
607, 0.699678883192, 0.302483677066, 2.4024374625
608, 0.699026220433, 0.301931186322, 2.40480836696
609, 0.698374793488, 0.301380717483, 2.40717538151
610, 0.697724599589, 0.300832259432, 2.40953851887
611, 0.700513389446, 0.303191532306, 2.39940684757
612, 0.70327663703, 0.305546953304, 2.38937854411
613, 0.702628417279, 0.304992803808, 2.39173012579
614, 0.701981406143, 0.304440668159, 2.39407788064
615, 0.704720238756, 0.306784608627, 2.38414349133
616, 0.707434173471, 0.309124747081, 2.37430891584
617, 0.70678920833, 0.308567022567, 2.3766452646
618, 0.706145427704, 0.308011314552, 2.37897783591
619, 0.705502829106, 0.307457612079, 2.38130664197
620, 0.704861410045, 0.30690590427, 2.38363169491
621, 0.704221168031, 0.306356180325, 2.38595300682
622, 0.703582100572, 0.305808429524, 2.38827058972
623, 0.702944205174, 0.305262641223, 2.39058445555
624, 0.702307479343, 0.304718804855, 2.39289461624
625, 0.701671920584, 0.304176909929, 2.39520108362
626, 0.7010375264, 0.30363694603, 2.39750386949
627, 0.700404294296, 0.303098902816, 2.39980298558
628, 0.699772221773, 0.30256277002, 2.40209844357
629, 0.699141306335, 0.30202853745, 2.40439025508
630, 0.698511545484, 0.301496194983, 2.40667843167
631, 0.697882936721, 0.30096573257, 2.40896298487
632, 0.69725547755, 0.300437140234, 2.41124392612
633, 0.696629165471, 0.299910408069, 2.41352126683
634, 0.696003997987, 0.299385526236, 2.41579501835
635, 0.695379972601, 0.298862484969, 2.41806519198
636, 0.698076635057, 0.301129091941, 2.40825896665
637, 0.700749549716, 0.30339214345, 2.39854937649
638, 0.700127293511, 0.30286383326, 2.40080888367
639, 0.699506157812, 0.302337366529, 2.40306485761
640, 0.698886140246, 0.30181273359, 2.40531730934
641, 0.698267238435, 0.301289924844, 2.40756624985
642, 0.697649450003, 0.300768930758, 2.40981169005
643, 0.697032772575, 0.300249741868, 2.41205364084
644, 0.696417203774, 0.299732348773, 2.41429211304
645, 0.699068980099, 0.301967353156, 2.40465301713
646, 0.701697733581, 0.304198900455, 2.39510739665
647, 0.701083906052, 0.303676390331, 2.39733549755
648, 0.700471166421, 0.303155678707, 2.39956016266
649, 0.699859512424, 0.302636756279, 2.40178140258
650, 0.699248941802, 0.302119613807, 2.40399922783
651, 0.698639452291, 0.301604242117, 2.40621364889
652, 0.69803104163, 0.301090632096, 2.40842467621
653, 0.697423707557, 0.300578774694, 2.41063232016
654, 0.696817447809, 0.300068660924, 2.41283659109
655, 0.696212260125, 0.299560281859, 2.41503749928
656, 0.695608142243, 0.299053628635, 2.41723505498
657, 0.695005091902, 0.298548692447, 2.4194292684
658, 0.694403106841, 0.29804546455, 2.42162014967
659, 0.693802184799, 0.29754393626, 2.42380770891
660, 0.693202323516, 0.297044098951, 2.42599195617
661, 0.692603520734, 0.296545944055, 2.42817290147
662, 0.692005774194, 0.296049463062, 2.43035055477
663, 0.691409081638, 0.29555464752, 2.43252492601
664, 0.690813440809, 0.295061489035, 2.43469602505
665, 0.690218849452, 0.294569979267, 2.43686386173
666, 0.689625305312, 0.294080109934, 2.43902844585
667, 0.689032806136, 0.29359187281, 2.44118978713
668, 0.688441349671, 0.293105259722, 2.4433478953
669, 0.687850933667, 0.292620262553, 2.44550278001
670, 0.687261555874, 0.29213687324, 2.44765445086
671, 0.686673214043, 0.291655083774, 2.44980291744
672, 0.686085905928, 0.291174886198, 2.45194818927
673, 0.685499629284, 0.290696272611, 2.45409027584
674, 0.684914381867, 0.29021923516, 2.4562291866
675, 0.687527598073, 0.292354979504, 2.4466831259
676, 0.69011906091, 0.294487566797, 2.43722773891
677, 0.689535178147, 0.294005792902, 2.43935717847
678, 0.688952306846, 0.293525598196, 2.44148347958
679, 0.688370444859, 0.2930469749, 2.44360665148
680, 0.687789590043, 0.292569915289, 2.44572670335
681, 0.687209740254, 0.292094411684, 2.44784364436
682, 0.689780656256, 0.29420825095, 2.43846184479
683, 0.692330403221, 0.296318997546, 2.42916782811
684, 0.69175193373, 0.295838866019, 2.43127549108
685, 0.691174451975, 0.29536029333, 2.4333800794
686, 0.690597955908, 0.294883271873, 2.43548160205
687, 0.690022443479, 0.294407794093, 2.43758006793
688, 0.68944791264, 0.293933852483, 2.43967548593
689, 0.688874361345, 0.293461439585, 2.44176786489
690, 0.688301787547, 0.292990547989, 2.44385721362
691, 0.687730189203, 0.292521170334, 2.44594354086
692, 0.687159564269, 0.292053299305, 2.44802685537
693, 0.686589910702, 0.291586927636, 2.45010716581
694, 0.686021226462, 0.291122048106, 2.45218448084
695, 0.688552168437, 0.293196376344, 2.44294349585
696, 0.691062650993, 0.295267726364, 2.43378759045
697, 0.693552882983, 0.297336106705, 2.42471541318
698, 0.696023070154, 0.299401525871, 2.41572564384
699, 0.695456128298, 0.298926269526, 2.41778811029
700, 0.694890127076, 0.298452524959, 2.41984763247
701, 0.694325064616, 0.297980284942, 2.42190421877
702, 0.693760939046, 0.297509542294, 2.42395787754
703, 0.693197748497, 0.29704028988, 2.4260086171
704, 0.692635491097, 0.29657252061, 2.42805644575
705, 0.695087263261, 0.298617446595, 2.41913025391
706, 0.697519530929, 0.300659478134, 2.41028396931
707, 0.699932488737, 0.302698623407, 2.40151635963
708, 0.702326328504, 0.304734890564, 2.39282622019
709, 0.704701239291, 0.306768287716, 2.38421237314
710, 0.707057407457, 0.308798822944, 2.37567366666
711, 0.706497715771, 0.308315285135, 2.37770134801
712, 0.70593891694, 0.307833265002, 2.37972618348
713, 0.705381009332, 0.307352755384, 2.38174818107
714, 0.704823991315, 0.306873749165, 2.38376734871
715, 0.704267861257, 0.306396239275, 2.3857836943
716, 0.703712617524, 0.305920218687, 2.38779722574
717, 0.703158258484, 0.305445680419, 2.38980795086
718, 0.7026047825, 0.304972617531, 2.39181587748
719, 0.702052187939, 0.304501023129, 2.39382101337
720, 0.701500473164, 0.304030890361, 2.39582336628
721, 0.70094963654, 0.303562212416, 2.39782294393
722, 0.70039967643, 0.303094982529, 2.39981975399
723, 0.702741064256, 0.305089032661, 2.39132143031
724, 0.70506432173, 0.30708033048, 2.38289611218
725, 0.70451580967, 0.306609044886, 2.38488466527
726, 0.703968159322, 0.306139209083, 2.3868704812
727, 0.706274089188, 0.308122295362, 2.37851162325
728, 0.708562275312, 0.310102659491, 2.37022365193
729, 0.708016115515, 0.309628829937, 2.37220130137
730, 0.707470802799, 0.309156451703, 2.37417624355
731, 0.70692633567, 0.308685518107, 2.37614848589
732, 0.706382712635, 0.308216022505, 2.37811803574
733, 0.7086546678, 0.310182887214, 2.36988913334
734, 0.710909291953, 0.312147074095, 2.36172910295
735, 0.710367173686, 0.311673661511, 2.36369061928
736, 0.709825885194, 0.311201688294, 2.36564947232
737, 0.70928542505, 0.310731147865, 2.36760566928
738, 0.711523942734, 0.312684695951, 2.3595055527
739, 0.710984651863, 0.312212940054, 2.36145645907
740, 0.710446180885, 0.311742611041, 2.36340473086
741, 0.709908528402, 0.311273702423, 2.36535037518
742, 0.709371693017, 0.31080620775, 2.3672933991
743, 0.708835673332, 0.310340120612, 2.36923380967
744, 0.708300467947, 0.309875434638, 2.37117161391
745, 0.70776607546, 0.309412143496, 2.37310681881
746, 0.707232494471, 0.308950240889, 2.37503943135
747, 0.706699723577, 0.308489720563, 2.37696945845
748, 0.706167761375, 0.308030576297, 2.37889690702
749, 0.70563660646, 0.30757280191, 2.38082178394
750, 0.705106257428, 0.307116391259, 2.38274409607
751, 0.704576712873, 0.306661338234, 2.38466385024
752, 0.704047971388, 0.306207636766, 2.38658105323
753, 0.703520031568, 0.305755280818, 2.38849571183
754, 0.702992892005, 0.305304264394, 2.39040783277
755, 0.70246655129, 0.304854581528, 2.39231742278
756, 0.701941008017, 0.304406226295, 2.39422448854
757, 0.701416260777, 0.303959192801, 2.39612903673
758, 0.70089230816, 0.303513475189, 2.39803107397
759, 0.700369148758, 0.303069067636, 2.39993060689
760, 0.699846781161, 0.302625964354, 2.40182764206
761, 0.70207503646, 0.304520508344, 2.39373809748
762, 0.70428689214, 0.306412567685, 2.38571468795
763, 0.703765821699, 0.305965800131, 2.38760426916
764, 0.703245530377, 0.305520338366, 2.3894913787
765, 0.702726016825, 0.305076176651, 2.39137602304
766, 0.702207279691, 0.304633309282, 2.39325820862
767, 0.701689317625, 0.304191730591, 2.39513794184
768, 0.703886272081, 0.306069017831, 2.38716744313
769, 0.706067210732, 0.307943865452, 2.37926126995
770, 0.705550549206, 0.307498696891, 2.38113368429
771, 0.705034650373, 0.307054818406, 2.38300367164
772, 0.707200290705, 0.308922385063, 2.37515608346
773, 0.709350236578, 0.310787537282, 2.36737106565
774, 0.711484628925, 0.312650281299, 2.35964776084
775, 0.710970377166, 0.312200462638, 2.36150810286
776, 0.71045687101, 0.311751941475, 2.36336604908
777, 0.712576498941, 0.313607498054, 2.35569883154
778, 0.714680881204, 0.315460671129, 2.34809167537
779, 0.714168770546, 0.315008680948, 2.34994247106
780, 0.71365739341, 0.31455798925, 2.35179089545
781, 0.713146748638, 0.314108590428, 2.35363695461
782, 0.712636835074, 0.313660478904, 2.3554806546
783, 0.712127651557, 0.313213649133, 2.35732200142
784, 0.711619196926, 0.312768095602, 2.35916100109
785, 0.711111470019, 0.31232381283, 2.36099765957
786, 0.710604469675, 0.311880795368, 2.36283198281
787, 0.710098194728, 0.311439037797, 2.36466397676
788, 0.709592644015, 0.310998534729, 2.36649364732
789, 0.709087816369, 0.310559280808, 2.36832100037
790, 0.708583710625, 0.310121270708, 2.37014604178
791, 0.708080325614, 0.309684499133, 2.37196877739
792, 0.710173761187, 0.311504934757, 2.36439051501
793, 0.712252416157, 0.313323076196, 2.35687079187
794, 0.71175034131, 0.312882955284, 2.3586866449
795, 0.71124897582, 0.312444073925, 2.36050021527
796, 0.71074831857, 0.312006426868, 2.36231150872
797, 0.710248368441, 0.311570008894, 2.36412053095
798, 0.709749124313, 0.311134814813, 2.36592728765
799, 0.709250585065, 0.310700839464, 2.3677317845
800, 0.708752749575, 0.310268077715, 2.36953402713
801, 0.708255616721, 0.309836524462, 2.37133402118
802, 0.707759185379, 0.309406174633, 2.37313177224
803, 0.707263454427, 0.30897702318, 2.3749272859
804, 0.706768422738, 0.308549065086, 2.37672056773
805, 0.706274089188, 0.308122295362, 2.37851162325
806, 0.705780452651, 0.307696709047, 2.380300458
807, 0.705287512, 0.307272301205, 2.38208707748
808, 0.70479526611, 0.306849066932, 2.38387148716
809, 0.704303713851, 0.306427001347, 2.3856536925
810, 0.703812854098, 0.306006099599, 2.38743369894
811, 0.703322685721, 0.305586356863, 2.38921151191
812, 0.702833207591, 0.30516776834, 2.3909871368
813, 0.702344418581, 0.304750329258, 2.39276057899
814, 0.70185631756, 0.304334034873, 2.39453184384
815, 0.7013689034, 0.303918880464, 2.3963009367
816, 0.700882174971, 0.303504861338, 2.39806786287
817, 0.700396131142, 0.303091972829, 2.39983262767
818, 0.699910770784, 0.302680210294, 2.40159523637
819, 0.699426092767, 0.302269569117, 2.40335569423
820, 0.698942095959, 0.301860044707, 2.4051140065
821, 0.698458779232, 0.301451632497, 2.40687017841
822, 0.697976141454, 0.301044327948, 2.40862421515
823, 0.697494181496, 0.300638126542, 2.41037612191
824, 0.697012898226, 0.300233023788, 2.41212590386
825, 0.696532290514, 0.299829015219, 2.41387356615
826, 0.698604322372, 0.301574562971, 2.40634130031
827, 0.700662286984, 0.303318001299, 2.39886620861
828, 0.700182735786, 0.302910868717, 2.4006075426
829, 0.699703850272, 0.302504831624, 2.40234677734
830, 0.699225629355, 0.302099885588, 2.40408391788
831, 0.698748071946, 0.301696026203, 2.40581896925
832, 0.698271176959, 0.301293249083, 2.40755193647
833, 0.697794943305, 0.30089154987, 2.40928282455
834, 0.697319369897, 0.300490924225, 2.41101163847
835, 0.696844455648, 0.300091367836, 2.41273838319
836, 0.698890060897, 0.301816048306, 2.40530306437
837, 0.700921944663, 0.303538669455, 2.39792347841
838, 0.700448065441, 0.303136064302, 2.39964404516
839, 0.699974835849, 0.302734529654, 2.40136256238
840, 0.699502254839, 0.302334061231, 2.40307903497
841, 0.699030321365, 0.301934654776, 2.40479346778
842, 0.69855903438, 0.301536306056, 2.40650586566
843, 0.698088392835, 0.301139010859, 2.40821623342
844, 0.697618395685, 0.300742764997, 2.40992457589
845, 0.697149041881, 0.300347564302, 2.41163089784
846, 0.696680330377, 0.29995340463, 2.41333520405
847, 0.696212260125, 0.299560281859, 2.41503749928
848, 0.695744830079, 0.299168191888, 2.41673778827
849, 0.695278039192, 0.298777130637, 2.41843607574
850, 0.694811886416, 0.298387094049, 2.4201323664
851, 0.694346370706, 0.297998078089, 2.42182666494
852, 0.693881491014, 0.29761007874, 2.42351897603
853, 0.693417246295, 0.29722309201, 2.42520930434
854, 0.692953635503, 0.296837113925, 2.42689765449
855, 0.692490657592, 0.296452140533, 2.42858403112
856, 0.692028311517, 0.296068167903, 2.43026843883
857, 0.691566596232, 0.295685192124, 2.43195088222
858, 0.691105510693, 0.295303209306, 2.43363136585
859, 0.690645053855, 0.294922215579, 2.43530989431
860, 0.692667093339, 0.296598793386, 2.42794133251
861, 0.69467592473, 0.298273425078, 2.42062718097
862, 0.694216371392, 0.297889528874, 2.42229987106
863, 0.693757438084, 0.297506623091, 2.42397062405
864, 0.693299123799, 0.297124703887, 2.42563944441
865, 0.692841427529, 0.296743767441, 2.42730633661
866, 0.692384348267, 0.296363809951, 2.42897130511
867, 0.691927885006, 0.295984827635, 2.43063435433
868, 0.691472036739, 0.295606816731, 2.4322954887
869, 0.691016802461, 0.295229773497, 2.43395471262
870, 0.690562181165, 0.294853694207, 2.43561203048
871, 0.690108171846, 0.294478575158, 2.43726744666
872, 0.689654773498, 0.294104412663, 2.43892096551
873, 0.689201985117, 0.293731203057, 2.44057259139
874, 0.688749805699, 0.293358942691, 2.44222232861
875, 0.688298234239, 0.292987627935, 2.44387018149
876, 0.687847269734, 0.29261725518, 2.44551615433
877, 0.68739691118, 0.292247820833, 2.44716025142
878, 0.686947157576, 0.29187932132, 2.44880247703
879, 0.688945117215, 0.293519679702, 2.44150971064
880, 0.690930293569, 0.295158175097, 2.43427005469
881, 0.690481361776, 0.294786885118, 2.43590669133
882, 0.692453985165, 0.296421667209, 2.42871762303
883, 0.694414042529, 0.298054598952, 2.42158034515
884, 0.693965967334, 0.297680548641, 2.42321143072
885, 0.693518481949, 0.297307439314, 2.42484067431
886, 0.693071585436, 0.296935267414, 2.42646808006
887, 0.692625276861, 0.296564029399, 2.4280936521
888, 0.692179555288, 0.296193721747, 2.42971739458
889, 0.691734419781, 0.295824340951, 2.43133931161
890, 0.691289869406, 0.295455883526, 2.43295940728
891, 0.690845903227, 0.295088346001, 2.43457768567
892, 0.690402520311, 0.294721724923, 2.43619415088
893, 0.689959719724, 0.294356016856, 2.43780880694
894, 0.689517500531, 0.293991218384, 2.43942165791
895, 0.689075861799, 0.293627326105, 2.44103270781
896, 0.688634802595, 0.293264336635, 2.44264196067
897, 0.688194321988, 0.292902246607, 2.4442494205
898, 0.687754419043, 0.292541052671, 2.44585509127
899, 0.687315092831, 0.292180751493, 2.44745897697
900, 0.686876342419, 0.291821339757, 2.44906108157
901, 0.686438166877, 0.29146281416, 2.45066140901
902, 0.686000565274, 0.29110517142, 2.45225996324
903, 0.68556353668, 0.290748408269, 2.45385674817
904, 0.685127080167, 0.290392521454, 2.45545176772
905, 0.684691194804, 0.29003750774, 2.4570450258
906, 0.684255879665, 0.289683363908, 2.45863652628
907, 0.683821133821, 0.289330086752, 2.46022627305
908, 0.683386956345, 0.288977673086, 2.46181426995
909, 0.68295334631, 0.288626119737, 2.46340052084
910, 0.682520302791, 0.288275423547, 2.46498502956
911, 0.682087824862, 0.287925581376, 2.46656779992
912, 0.681655911598, 0.287576590097, 2.46814883574
913, 0.683606589632, 0.28915589517, 2.46101092371
914, 0.685545230615, 0.290733473284, 2.4539236407
915, 0.685114021417, 0.290381879638, 2.45549949562
916, 0.684683369745, 0.290031138212, 2.45707363112
917, 0.684253274703, 0.2896812459, 2.45864605094
918, 0.683823735397, 0.289332199611, 2.46021675881
919, 0.683394750932, 0.288983996272, 2.46178575847
920, 0.682966320415, 0.288636632823, 2.46335305362
921, 0.682538442953, 0.288290106217, 2.46491864796
922, 0.682111117652, 0.287944413425, 2.46648254517
923, 0.681684343621, 0.28759955143, 2.46804474894
924, 0.681258119969, 0.287255517233, 2.46960526293
925, 0.680832445805, 0.286912307845, 2.47116409079
926, 0.680407320239, 0.286569920295, 2.47272123615
927, 0.67998274238, 0.286228351624, 2.47427670265
928, 0.679558711342, 0.285887598889, 2.47583049391
929, 0.679135226234, 0.285547659161, 2.47738261352
930, 0.678712286171, 0.285208529523, 2.47893306508
931, 0.678289890264, 0.284870207074, 2.48048185218
932, 0.677868037628, 0.284532688927, 2.48202897838
933, 0.677446727378, 0.284195972207, 2.48357444724
934, 0.677025958628, 0.283860054054, 2.4851182623
935, 0.676605730496, 0.283524931622, 2.48666042711
936, 0.676186042097, 0.283190602077, 2.48820094519
937, 0.678114052361, 0.284729476933, 2.48112668974
938, 0.680030448687, 0.286266712072, 2.47410191137
939, 0.679611371867, 0.28592989665, 2.47563751028
940, 0.679192828241, 0.28559387546, 2.47717147645
941, 0.681097801721, 0.287126212345, 2.47019231348
942, 0.682991359597, 0.288656923407, 2.46326144579
943, 0.682573453091, 0.288318445437, 2.46479053448
944, 0.682156073287, 0.287980762964, 2.46631800422
945, 0.681739219353, 0.287643873178, 2.46784385845
946, 0.68132289046, 0.287307773281, 2.46936810058
947, 0.680907085778, 0.286972460491, 2.47089073401
948, 0.680491804477, 0.286637932035, 2.47241176214
949, 0.680077045728, 0.286304185157, 2.47393118833
950, 0.679662808705, 0.285971217111, 2.47544901597
951, 0.679249092579, 0.285639025166, 2.47696524842
952, 0.678835896523, 0.285307606603, 2.47847988902
953, 0.678423219712, 0.284976958714, 2.47999294112
954, 0.680306063041, 0.286488425632, 2.47309216822
955, 0.682177773713, 0.28799831069, 2.46623858034
956, 0.681765708877, 0.287665270371, 2.46774688685
957, 0.681354157064, 0.287333001957, 2.4692536181
958, 0.680943117472, 0.28700150276, 2.47075877738
959, 0.680532589301, 0.286670770101, 2.47226236797
960, 0.680122571749, 0.286340801317, 2.47376439314
961, 0.681983518272, 0.287841264314, 2.46694958792
962, 0.683833547239, 0.289340168387, 2.46018087601
963, 0.68342414931, 0.289007846217, 2.4616782244
964, 0.683015255895, 0.288676289091, 2.46317402032
965, 0.682606866218, 0.288345494363, 2.464668267
966, 0.682198979504, 0.288015459397, 2.46616096764
967, 0.681791594977, 0.287686181571, 2.46765212544
968, 0.681384711863, 0.287357658272, 2.46914174358
969, 0.680978329387, 0.287029886903, 2.47062982524
970, 0.680572446775, 0.286702864876, 2.47211637359
971, 0.680167063255, 0.286376589615, 2.47360139177
972, 0.682006798141, 0.287860080791, 2.46686437614
973, 0.683835861656, 0.289342048092, 2.460172412
974, 0.683431084052, 0.289013472415, 2.46165285855
975, 0.685249622586, 0.290492401341, 2.4550039066
976, 0.687057655514, 0.291969815746, 2.4483989747
977, 0.686653511006, 0.291638962024, 2.44987487769
978, 0.686249854558, 0.291308859829, 2.45134927234
979, 0.685846685442, 0.290979506594, 2.45282216174
980, 0.68544400293, 0.290650899764, 2.45429354895
981, 0.685041806294, 0.290323036797, 2.45576343705
982, 0.684640094806, 0.289995915162, 2.45723182908
983, 0.684238867741, 0.289669532337, 2.45869872807
984, 0.686037010175, 0.291134941342, 2.45212681801
985, 0.687824861907, 0.292598863376, 2.44559794929
986, 0.687424263762, 0.292270245928, 2.44706038737
987, 0.68702414431, 0.291942368307, 2.4485213445
988, 0.686624502847, 0.291615228007, 2.44998082368
989, 0.686225338666, 0.291288822537, 2.45143882788
990, 0.685826651064, 0.290963149415, 2.4528953601
991, 0.685428439336, 0.29063820617, 2.4543504233
992, 0.685030702779, 0.290313990343, 2.45580402045
993, 0.684633440688, 0.289990499487, 2.45725615448
994, 0.684236652361, 0.289667731165, 2.45870682835
995, 0.683840337095, 0.28934568295, 2.46015604498
996, 0.683444494187, 0.289024352427, 2.46160380731
997, 0.685222955673, 0.290470663366, 2.45510136514
998, 0.686991368839, 0.291915525821, 2.44864102951
999, 0.686596131181, 0.291592016516, 2.45008444638
1000, 0.686201360382, 0.291269225894, 2.45152642055
1001, 0.68580705576, 0.290947151554, 2.45296695491
1002, 0.685413216634, 0.290625791107, 2.45440605233
1003, 0.685019842322, 0.290305142173, 2.45584371567
1004, 0.684626932144, 0.289985202385, 2.45727994778
1005, 0.686385814755, 0.291420006124, 2.45085263375
1006, 0.688134841908, 0.292853384325, 2.44446650749
1007, 0.687742537783, 0.292531303078, 2.44589846298
1008, 0.687350692412, 0.292209931923, 2.44732899859
1009, 0.686959305134, 0.291889268506, 2.44875811712
1010, 0.686568375288, 0.291569310484, 2.45018582139
1011, 0.686177902214, 0.291250055523, 2.45161211418
1012, 0.685787885252, 0.290931501302, 2.45303699828
1013, 0.685398323743, 0.290613645508, 2.45446047649
1014, 0.685009217028, 0.290296485838, 2.45588255156
1015, 0.684620564448, 0.289980020002, 2.45730322626
1016, 0.684232365343, 0.289664245716, 2.45872250334
1017, 0.683844619057, 0.28934916071, 2.46014038556
1018, 0.683457324931, 0.289034762721, 2.46155687565
1019, 0.683070482308, 0.288721049497, 2.46297197634
1020, 0.68268409053, 0.288408018797, 2.46438569036
1021, 0.682298148941, 0.288095668387, 2.46579802042
1022, 0.681912656886, 0.287783996046, 2.46720896923
1023, 0.681527613707, 0.28747299956, 2.46861853948
1024, 0.681143018749, 0.287162676727, 2.47002673388
1025, 0.682883462288, 0.288569497941, 2.4636562045
1026, 0.684614333077, 0.289974948652, 2.45732600643
1027, 0.68423029063, 0.289662558939, 2.45873008931
